id,documentNumber,manifestDocumentNumber,kind,originalName,title,status,parseError,needsAppendix,itemsCount,measuresCount,parentDocumentNumber,inManifest,classification,createdAt
55,240/91/3526,240/93/159,LETTER,240 93 159.docx,О мерах по повышению защищенности информационной инфраструктуры,IMPORTED,,false,8,6,,true,canonical,2026-06-23T12:50:42.093Z
116,240/91/3526,240/93/284,LETTER,240 93 284.docx,О мерах по повышению защищенности информационной инфраструктуры,IMPORTED,,false,11,11,,true,canonical,2026-06-23T12:50:47.187Z
119,240/91/3526,240/93/288,LETTER,240 93 288.docx,О мерах по повышению защищенности информационной инфраструктуры,IMPORTED,,false,27,0,,true,canonical,2026-06-23T12:50:47.413Z
166,240/91/3526,240/93/462,LETTER,240 93 462.docx,О мерах по повышению защищенности информационной инфраструктуры,IMPORTED,,false,16,16,,true,canonical,2026-06-23T12:50:51.397Z
235,240/91/3526,240/93/846,LETTER,240 93 846.docx,О мерах по повышению защищенности информационной инфраструктуры,IMPORTED,,false,8,8,,true,canonical,2026-06-23T12:50:58.053Z
23,240/93/1014,240/93/1014,LETTER,240 93 1014.docx,О мерах по повышению защищенности информационной инфраструктуры,IMPORTED,,false,10,9,,true,canonical,2026-06-23T12:50:39.479Z
24,240/93/1043,240/93/1043,LETTER,240 93 1043.docx,О мерах по повышению защищенности информационной инфраструктуры,IMPORTED,,false,11,0,,true,canonical,2026-06-23T12:50:39.708Z
243,240/93/1043,240/93/1043,APPENDIX,Приложение 1043.docx,,IMPORTED,,false,1,0,240/93/1043,true,canonical,2026-06-23T12:50:58.718Z
25,240/93/1051,240/93/1051,LETTER,240 93 1051.docx,О мерах по повышению защищенности информационной инфраструктуры,IMPORTED,,false,5,5,,true,canonical,2026-06-23T12:50:39.784Z
26,240/93/1060,240/93/1060,LETTER,240 93 1060.docx,О мерах по повышению защищенности информационной инфраструктуры,IMPORTED,,false,8,0,,true,canonical,2026-06-23T12:50:39.844Z
27,240/93/1062,240/93/1062,LETTER,240 93 1062.docx,О мерах по повышению защищенности информационной инфраструктуры,IMPORTED,,false,24,0,,true,canonical,2026-06-23T12:50:39.917Z
28,240/93/1083,240/93/1083,LETTER,240 93 1083.docx,О мерах по повышению защищенности информационной инфраструктуры,IMPORTED,,false,6,6,,true,canonical,2026-06-23T12:50:40.045Z
29,240/93/1097,240/93/1097,LETTER,240 93 1097.docx,О мерах по повышению защищенности информационной инфраструктуры,IMPORTED,,false,24,0,,true,canonical,2026-06-23T12:50:40.111Z
244,240/93/1097,240/93/1097,APPENDIX,Приложение 1097.docx,,IMPORTED,,false,1,0,240/93/1097,true,canonical,2026-06-23T12:50:58.765Z
30,240/93/1157,240/93/1157,LETTER,240 93 1157.docx,О мерах по повышению защищенности информационной инфраструктуры,IMPORTED,,false,13,0,,true,canonical,2026-06-23T12:50:40.231Z
245,240/93/1157,240/93/1157,APPENDIX,Приложение 1157.docx,,IMPORTED,,false,1,0,240/93/1157,true,canonical,2026-06-23T12:50:58.807Z
31,240/93/1163,240/93/1163,LETTER,240 93 1163.docx,О мерах по повышению защищенности информационной инфраструктуры,IMPORTED,,false,5,3,,true,canonical,2026-06-23T12:50:40.311Z
32,240/93/1186,240/93/1186,LETTER,240 93 1186.docx,О мерах по повышению защищенности информационной инфраструктуры,IMPORTED,,false,17,0,,true,canonical,2026-06-23T12:50:40.370Z
33,240/93/1189,240/93/1189,LETTER,240 93 1189.docx,О мерах по повышению защищенности информационной инфраструктуры,IMPORTED,,false,17,1,,true,canonical,2026-06-23T12:50:40.467Z
246,240/93/1189,240/93/1189,APPENDIX,Приложение 240 93 1189 — копия.docx,,IMPORTED,,false,1,0,240/93/1189,true,canonical,2026-06-23T12:50:58.856Z
34,240/93/1190,240/93/1190,LETTER,240 93 1190.docx,О мерах по повышению защищенности информационной инфраструктуры,IMPORTED,,false,8,7,,true,canonical,2026-06-23T12:50:40.575Z
35,240/93/1191,240/93/1191,LETTER,240 93 1191.docx,О мерах по повышению защищенности информационной инфраструктуры,IMPORTED,,false,3,0,,true,canonical,2026-06-23T12:50:40.647Z
36,240/93/1212,240/93/1212,LETTER,240 93 1212.docx,О мерах по повышению защищенности информационной инфраструктуры,IMPORTED,,false,14,0,,true,canonical,2026-06-23T12:50:40.699Z
37,240/93/1234,240/93/1234,LETTER,240 93 1234.docx,О мерах по повышению защищенности информационной инфраструктуры,IMPORTED,,false,6,6,,true,canonical,2026-06-23T12:50:40.785Z
38,240/93/1259,240/93/1259,LETTER,240 93 1259.docx,О мерах по повышению защищенности информационной инфраструктуры,IMPORTED,,false,2,1,,true,canonical,2026-06-23T12:50:40.845Z
39,240/93/1329,240/93/1329,LETTER,240 93 1329.docx,О мерах по повышению защищенности информационной инфраструктуры,IMPORTED,,false,16,0,,true,canonical,2026-06-23T12:50:40.921Z
40,240/93/1350,240/93/1350,LETTER,240 93 1350.docx,О мерах по повышению защищенности информационной инфраструктуры,IMPORTED,,false,4,4,,true,canonical,2026-06-23T12:50:41.023Z
41,240/93/1352,240/93/1352,LETTER,240 93 1352.docx,О мерах по повышению защищенности информационной инфраструктуры,IMPORTED,,false,18,0,,true,canonical,2026-06-23T12:50:41.080Z
247,240/93/1352,240/93/1352,APPENDIX,Приложение 240 93 1352 — ДЦОД.docx,,IMPORTED,,false,1,0,240/93/1352,true,canonical,2026-06-23T12:50:58.905Z
42,240/93/1372,240/93/1372,LETTER,240 93 1372.docx,О мерах по повышению защищенности информационной инфраструктуры,IMPORTED,,false,6,5,,true,canonical,2026-06-23T12:50:41.190Z
43,240/93/1397,240/93/1397,LETTER,240 93 1397.docx,О мерах по повышению защищенности информационной инфраструктуры,IMPORTED,,false,8,6,,true,canonical,2026-06-23T12:50:41.252Z
44,240/93/1409,240/93/1409,LETTER,240 93 1409.docx,О мерах по повышению защищенности информационной инфраструктуры,PARSED,,true,0,0,,true,routing_letter,2026-06-23T12:50:41.319Z
248,240/93/1409,240/93/1409,APPENDIX,Приложение 240 93 1409.docx,,IMPORTED,,false,38,19,240/93/1409,true,canonical,2026-06-23T12:50:58.952Z
45,240/93/1423,240/93/1423,LETTER,240 93 1423.docx,О мерах по повышению защищенности информационной инфраструктуры,IMPORTED,,false,7,0,,true,canonical,2026-06-23T12:50:41.354Z
46,240/93/1450,240/93/1450,LETTER,240 93 1450.docx,О мерах по повышению защищенности информационной инфраструктуры,IMPORTED,,false,24,0,,true,canonical,2026-06-23T12:50:41.421Z
249,240/93/1450,240/93/1450,APPENDIX,Приложение 1450.docx,,IMPORTED,,false,1,0,240/93/1450,true,canonical,2026-06-23T12:50:59.116Z
47,240/93/1463,240/93/1463,LETTER,240 93 1463.docx,О мерах по повышению защищенности информационной инфраструктуры,IMPORTED,,false,13,0,,true,canonical,2026-06-23T12:50:41.539Z
250,240/93/1463,240/93/1463,APPENDIX,Приложение 1463 Обласов.docx,,IMPORTED,,false,1,0,240/93/1463,true,canonical,2026-06-23T12:50:59.161Z
48,240/93/1488,240/93/1488,LETTER,240 93 1488.docx,О мерах по повышению защищенности информационной инфраструктуры,IMPORTED,,false,6,6,,true,canonical,2026-06-23T12:50:41.631Z
49,240/93/1505,240/93/1505,LETTER,240 93 1505.docx,О мерах по повышению защищенности информационной инфраструктуры,IMPORTED,,false,11,0,,true,canonical,2026-06-23T12:50:41.691Z
251,240/93/1505,240/93/98,APPENDIX,Приложение — ДЦОД.docx,,IMPORTED,,false,1,0,240/93/1505,true,canonical,2026-06-23T12:50:59.207Z
50,240/93/1555,240/93/1555,LETTER,240 93 1555.docx,О мерах по повышению защищенности информационной инфраструктуры,PARSED,,true,0,0,,true,routing_letter,2026-06-23T12:50:41.768Z
252,240/93/1555,240/93/1555,APPENDIX,Приложение 1555.docx,,IMPORTED,,false,12,0,240/93/1555,true,canonical,2026-06-23T12:50:59.250Z
51,240/93/1569,240/93/1569,LETTER,240 93 1569.docx,,IMPORTED,,false,1,0,,true,canonical,2026-06-23T12:50:41.799Z
52,240/93/1570,240/93/1570,LETTER,240 93 1570.docx,О мерах по повышению защищенности информационной инфраструктуры,IMPORTED,,false,6,4,,true,canonical,2026-06-23T12:50:41.844Z
53,240/93/1581,240/93/1581,LETTER,240 93 1581.docx,О мерах по повышению защищенности информационной инфраструктуры,IMPORTED,,false,27,0,,true,canonical,2026-06-23T12:50:41.907Z
253,240/93/1581,240/93/1581,APPENDIX,Приложение 1581 ДКИТИ.docx,,IMPORTED,,false,1,0,240/93/1581,true,canonical,2026-06-23T12:50:59.330Z
54,240/93/1584,240/93/1584,LETTER,240 93 1584.docx,О мерах по повышению защищенности информационной инфраструктуры,IMPORTED,,false,4,3,,true,canonical,2026-06-23T12:50:42.038Z
56,240/93/1602,240/93/1602,LETTER,240 93 1602.docx,О мерах по повышению защищенности информационной инфраструктуры,IMPORTED,,false,7,6,,true,canonical,2026-06-23T12:50:42.158Z
57,240/93/1623,240/93/1623,LETTER,240 93 1623.docx,О мерах по повышению защищенности информационной инфраструктуры,IMPORTED,,false,5,5,,true,canonical,2026-06-23T12:50:42.226Z
58,240/93/1627,240/93/1627,LETTER,240 93 1627.docx,О мерах по повышению защищенности информационной инфраструктуры,IMPORTED,,false,14,0,,true,canonical,2026-06-23T12:50:42.283Z
254,240/93/1627,240/93/1627,APPENDIX,Приложение 240 93 1627.docx,,IMPORTED,,false,1,0,240/93/1627,true,canonical,2026-06-23T12:50:59.388Z
59,240/93/168,240/93/168,LETTER,240 93 168.docx,О мерах по повышению защищенности информационной инфраструктуры,IMPORTED,,false,17,0,,true,canonical,2026-06-23T12:50:42.374Z
60,240/93/1689,240/93/1689,LETTER,240 93 1689.docx,О мерах по повышению защищенности информационной инфраструктуры,IMPORTED,,false,3,2,,true,canonical,2026-06-23T12:50:42.484Z
61,240/93/169,240/93/169,LETTER,240 93 169.docx,О мерах по повышению защищенности информационной инфраструктуры,IMPORTED,,false,2,2,,true,canonical,2026-06-23T12:50:42.531Z
62,240/93/1713,240/93/1713,LETTER,240 93 1713.docx,О мерах по повышению защищенности информационной инфраструктуры,IMPORTED,,false,13,1,,true,canonical,2026-06-23T12:50:42.579Z
255,240/93/1713,240/93/1713,APPENDIX,Приложение 240 93 1713 ДКИТИ.docx,,IMPORTED,,false,1,0,240/93/1713,true,canonical,2026-06-23T12:50:59.435Z
63,240/93/1715,240/93/1715,LETTER,240 93 1715.docx,О мерах по повышению защищенности информационной инфраструктуры,IMPORTED,,false,34,5,,true,canonical,2026-06-23T12:50:42.667Z
256,240/93/1715,240/93/1715,APPENDIX,Приложение 1715.docx,,IMPORTED,,false,1,0,240/93/1715,true,canonical,2026-06-23T12:50:59.485Z
64,240/93/1762,240/93/1762,LETTER,240 93 1762.docx,О мерах по повышению защищенности информационной инфраструктуры,PARSED,,true,0,0,,true,routing_letter,2026-06-23T12:50:42.829Z
257,240/93/1762,240/93/1762,APPENDIX,Приложение 1762 (1).docx,,IMPORTED,,false,60,0,240/93/1762,true,canonical,2026-06-23T12:50:59.532Z
65,240/93/1780,240/93/1780,LETTER,240 93 1780.docx,О мерах по повышению защищенности информационной инфраструктуры,IMPORTED,,false,15,0,,true,canonical,2026-06-23T12:50:42.879Z
258,240/93/1780,240/93/1780,APPENDIX,Приложение 1780 ДКИТИ.docx,,IMPORTED,,false,1,0,240/93/1780,true,canonical,2026-06-23T12:50:59.759Z
66,240/93/1810,240/93/1810,LETTER,240 93 1810.docx,О мерах по повышению защищенности информационной инфраструктуры,IMPORTED,,false,4,2,,true,canonical,2026-06-23T12:50:43.044Z
67,240/93/1815,240/93/1815,LETTER,240 93 1815.docx,О мерах по повышению защищенности информационной инфраструктуры,IMPORTED,,false,22,0,,true,canonical,2026-06-23T12:50:43.119Z
259,240/93/1815,240/93/1815,APPENDIX,Приложение 1815.docx,,IMPORTED,,false,1,0,240/93/1815,true,canonical,2026-06-23T12:50:59.805Z
68,240/93/1851,240/93/1851,LETTER,240 93 1851.docx,О мерах по повышению защищенности информационной инфраструктуры,IMPORTED,,false,16,0,,true,canonical,2026-06-23T12:50:43.264Z
260,240/93/1851,240/93/1851,APPENDIX,Приложение 1851 ДКИТИ.docx,,IMPORTED,,false,1,0,240/93/1851,true,canonical,2026-06-23T12:50:59.851Z
69,240/93/1855,240/93/1855,LETTER,240 93 1855.docx,О мерах по повышению защищенности информационной инфраструктуры,IMPORTED,,false,4,4,,true,canonical,2026-06-23T12:50:43.361Z
70,240/93/1900,240/93/1900,LETTER,240 93 1900.docx,О мерах по повышению защищенности информационной инфраструктуры,IMPORTED,,false,7,6,,true,canonical,2026-06-23T12:50:43.414Z
71,240/93/1925,240/93/1925,LETTER,240 93 1925.docx,О мерах по повышению защищенности информационной инфраструктуры,IMPORTED,,false,4,4,,true,canonical,2026-06-23T12:50:43.484Z
72,240/93/1953,240/93/1953,LETTER,240 93 1953.docx,О мерах по повышению защищенности информационной инфраструктуры,IMPORTED,,false,22,0,,true,canonical,2026-06-23T12:50:43.545Z
261,240/93/1953,240/93/1953,APPENDIX,Приложение 1953 ДКИТИ.docx,,IMPORTED,,false,1,0,240/93/1953,true,canonical,2026-06-23T12:50:59.898Z
73,240/93/1958,240/93/1958,LETTER,240 93 1958.docx,О мерах по повышению защищенности информационной инфраструктуры,IMPORTED,,false,18,0,,true,canonical,2026-06-23T12:50:43.666Z
262,240/93/1958,240/93/1958,APPENDIX,Приложение 240 93 1958 — ДИТСБ-П.docx,,IMPORTED,,false,1,0,240/93/1958,true,canonical,2026-06-23T12:50:59.954Z
74,240/93/1965,240/93/1965,LETTER,240 93 1965.docx,О мерах по повышению защищенности информационной инфраструктуры,IMPORTED,,false,18,0,,true,canonical,2026-06-23T12:50:43.786Z
263,240/93/1965,240/93/1965,APPENDIX,Приложение 240 93 1965 — ДИТСБ-П.docx,,IMPORTED,,false,1,0,240/93/1965,true,canonical,2026-06-23T12:51:00.000Z
75,240/93/1966,240/93/1966,LETTER,240 93 1966.docx,О мерах по повышению защищенности информационной инфраструктуры,IMPORTED,,false,5,4,,true,canonical,2026-06-23T12:50:43.910Z
76,240/93/1982,240/93/1982,LETTER,240 93 1982.docx,О мерах по повышению защищенности информационной инфраструктуры,IMPORTED,,false,9,8,,true,canonical,2026-06-23T12:50:43.964Z
77,240/93/2019,240/93/2019,LETTER,240 93 2019.docx,О мерах по повышению защищенности информационной инфраструктуры,PARSED,,true,0,0,,true,routing_letter,2026-06-23T12:50:44.035Z
78,240/93/2021,240/93/2021,LETTER,240 93 2021.docx,О мерах по повышению защищенности информационной инфраструктуры,IMPORTED,,false,4,3,,true,canonical,2026-06-23T12:50:44.068Z
79,240/93/2026,240/93/2026,LETTER,240 93 2026.docx,,IMPORTED,,false,6,0,,true,canonical,2026-06-23T12:50:44.124Z
80,240/93/2045,240/93/2045,LETTER,240 93 2045.docx,О мерах по повышению защищенности информационной инфраструктуры,IMPORTED,,false,21,0,,true,canonical,2026-06-23T12:50:44.183Z
264,240/93/2045,240/93/2045,APPENDIX,Приложение 2045.docx,,IMPORTED,,false,1,0,240/93/2045,true,canonical,2026-06-23T12:51:00.052Z
81,240/93/2086,240/93/2086,LETTER,240 93 2086.docx,О мерах по повышению защищенности информационной инфраструктуры,IMPORTED,,false,12,0,,true,canonical,2026-06-23T12:50:44.305Z
82,240/93/2124,240/93/2124,LETTER,240 93 2124.docx,О мерах по повышению защищенности информационной инфраструктуры,IMPORTED,,false,15,0,,true,canonical,2026-06-23T12:50:44.382Z
265,240/93/2124,240/93/2124,APPENDIX,Приложение 240 93 2124 — ДИТСБ-П.docx,,IMPORTED,,false,1,0,240/93/2124,true,canonical,2026-06-23T12:51:00.098Z
83,240/93/2128,240/93/2128,LETTER,240 93 2128.docx,О мерах по повышению защищенности информационной инфраструктуры,IMPORTED,,false,27,27,,true,canonical,2026-06-23T12:50:44.477Z
84,240/93/2170,240/93/2170,LETTER,240 93 2170.docx,О мерах по повышению защищенности информационной инфраструктуры,IMPORTED,,false,10,0,,true,canonical,2026-06-23T12:50:44.603Z
266,240/93/2170,240/93/2170,APPENDIX,Приложение 2170 (Обласов).docx,,IMPORTED,,false,1,1,240/93/2170,true,canonical,2026-06-23T12:51:00.146Z
85,240/93/2171,240/93/2171,LETTER,240 93 2171.docx,О мерах по повышению защищенности информационной инфраструктуры,IMPORTED,,false,15,0,,true,canonical,2026-06-23T12:50:44.674Z
267,240/93/2171,240/93/2171,APPENDIX,Приложение 2171.docx,,IMPORTED,,false,1,0,240/93/2171,true,canonical,2026-06-23T12:51:00.192Z
86,240/93/2200,240/93/2200,LETTER,240 93 2200.docx,О мерах по повышению защищенности информационной инфраструктуры,IMPORTED,,false,4,3,,true,canonical,2026-06-23T12:50:44.763Z
87,240/93/2202,240/93/2202,LETTER,240 93 2202.docx,О мерах по повышению защищенности информационной инфраструктуры,IMPORTED,,false,21,0,,true,canonical,2026-06-23T12:50:44.816Z
88,240/93/2203,240/93/2203,LETTER,240 93 2203.docx,О мерах по повышению защищенности информационной инфраструктуры,IMPORTED,,false,10,0,,true,canonical,2026-06-23T12:50:44.929Z
89,240/93/2251,240/93/2251,LETTER,240 93 2251.docx,О мерах по повышению защищенности информационной инфраструктуры,IMPORTED,,false,19,0,,true,canonical,2026-06-23T12:50:45.014Z
90,240/93/2268,240/93/2268,LETTER,240 93 2268.docx,О мерах по повышению защищенности информационной инфраструктуры,IMPORTED,,false,18,0,,true,canonical,2026-06-23T12:50:45.109Z
268,240/93/2268,240/93/2268,APPENDIX,Приложение 240 93 2268 — ДИТСБ-П.docx,,IMPORTED,,false,1,0,240/93/2268,true,canonical,2026-06-23T12:51:00.239Z
91,240/93/2289,240/93/2289,LETTER,240 93 2289.docx,О мерах по повышению защищенности информационной инфраструктуры,IMPORTED,,false,7,6,,true,canonical,2026-06-23T12:50:45.206Z
92,240/93/2301,240/93/2301,LETTER,240 93 2301.docx,О мерах по повышению защищенности информационной инфраструктуры,IMPORTED,,false,21,0,,true,canonical,2026-06-23T12:50:45.271Z
93,240/93/2367,240/93/2367,LETTER,240 93 2367.docx,О мерах по повышению защищенности информационной инфраструктуры,IMPORTED,,false,23,3,,true,canonical,2026-06-23T12:50:45.376Z
94,240/93/2383,240/93/2383,LETTER,240 93 2383.docx,О мерах по повышению защищенности информационной инфраструктуры,IMPORTED,,false,25,0,,true,canonical,2026-06-23T12:50:45.487Z
269,240/93/2383,240/93/2383,APPENDIX,Приложение 2383 Обласов.docx,,IMPORTED,,false,1,0,240/93/2383,true,canonical,2026-06-23T12:51:00.288Z
95,240/93/2386,240/93/2386,LETTER,240 93 2386.docx,О мерах по повышению защищенности информационной инфраструктуры,IMPORTED,,false,1,1,,true,canonical,2026-06-23T12:50:45.604Z
96,240/93/2387,240/93/2387,LETTER,240 93 2387.docx,О мерах по повышению защищенности информационной инфраструктуры,IMPORTED,,false,1,0,,true,canonical,2026-06-23T12:50:45.643Z
97,240/93/2433,240/93/2433,LETTER,240 93 2433.docx,,IMPORTED,,false,1,1,,true,canonical,2026-06-23T12:50:45.682Z
98,240/93/2444,240/93/2444,LETTER,240 93 2444.docx,О мерах по повышению защищенности информационной инфраструктуры,IMPORTED,,false,21,0,,true,canonical,2026-06-23T12:50:45.724Z
270,240/93/2444,240/93/2444,APPENDIX,Приложение 240 93 2444 Обласов.docx,,IMPORTED,,false,1,0,240/93/2444,true,canonical,2026-06-23T12:51:00.330Z
99,240/93/2445,240/93/2445,LETTER,240 93 2445.docx,О мерах по повышению защищенности информационной инфраструктуры,IMPORTED,,false,9,8,,true,canonical,2026-06-23T12:50:45.837Z
100,240/93/2446,240/93/2446,LETTER,240 93 2446.docx,О мерах по повышению защищенности информационной инфраструктуры,IMPORTED,,false,9,9,,true,canonical,2026-06-23T12:50:45.908Z
101,240/93/2476,240/93/2476,LETTER,240 93 2476.docx,О мерах по повышению защищенности информационной инфраструктуры,IMPORTED,,false,18,0,,true,canonical,2026-06-23T12:50:45.979Z
271,240/93/2476,240/93/2476,APPENDIX,Приложение 2476.docx,,IMPORTED,,false,1,0,240/93/2476,true,canonical,2026-06-23T12:51:00.373Z
102,240/93/2505,240/93/2505,LETTER,240 93 2505.docx,О мерах по повышению защищенности информационной инфраструктуры,IMPORTED,,false,4,0,,true,canonical,2026-06-23T12:50:46.080Z
103,240/93/2545,240/93/2545,LETTER,240 93 2545.docx,О мерах по повышению защищенности информационной инфраструктуры,IMPORTED,,false,26,0,,true,canonical,2026-06-23T12:50:46.135Z
272,240/93/2545,240/93/2545,APPENDIX,Приложение 2545.docx,,IMPORTED,,false,1,0,240/93/2545,true,canonical,2026-06-23T12:51:00.422Z
104,240/93/2565,240/93/2565,LETTER,240 93 2565.docx,О мерах по повышению защищенности информационной инфраструктуры,IMPORTED,,false,17,0,,true,canonical,2026-06-23T12:50:46.253Z
273,240/93/2565,240/93/2565,APPENDIX,Приложение — ДИТСБ-П.docx,,IMPORTED,,false,1,0,240/93/2565,true,canonical,2026-06-23T12:51:00.468Z
105,240/93/2566,240/93/2566,LETTER,240 93 2566.docx,О мерах по повышению защищенности информационной инфраструктуры,IMPORTED,,false,3,0,,true,canonical,2026-06-23T12:50:46.347Z
106,240/93/2616,240/93/2616,LETTER,240 93 2616.docx,О мерах по повышению защищенности информационной инфраструктуры,IMPORTED,,false,16,16,,true,canonical,2026-06-23T12:50:46.394Z
107,240/93/2623,240/93/2623,LETTER,240 93 2623.docx,О мерах по повышению защищенности информационной инфраструктуры,IMPORTED,,false,17,0,,true,canonical,2026-06-23T12:50:46.483Z
274,240/93/2623,240/93/2623,APPENDIX,Приложение 2623 ДКИТИ.docx,,IMPORTED,,false,1,0,240/93/2623,true,canonical,2026-06-23T12:51:00.516Z
108,240/93/265,240/93/265,LETTER,240 93 265.docx,О мерах по повышению защищенности информационной инфраструктуры,IMPORTED,,false,5,5,,true,canonical,2026-06-23T12:50:46.570Z
109,240/93/266,240/93/266,LETTER,240 93 266.docx,О мерах по повышению защищенности информационной инфраструктуры,IMPORTED,,false,17,0,,true,canonical,2026-06-23T12:50:46.633Z
110,240/93/2671,240/93/2671,LETTER,240 93 2671.docx,О мерах по повышению защищенности информационной инфраструктуры,IMPORTED,,false,5,5,,true,canonical,2026-06-23T12:50:46.729Z
111,240/93/2697,240/93/2697,LETTER,240 93 2697.docx,,IMPORTED,,false,5,0,,true,canonical,2026-06-23T12:50:46.786Z
112,240/93/2707,240/93/2707,LETTER,240 93 2707.docx,О мерах по повышению защищенности информационной инфраструктуры,IMPORTED,,false,16,0,,true,canonical,2026-06-23T12:50:46.848Z
113,240/93/2738,240/93/2738,LETTER,240 93 2738.docx,О мерах по повышению защищенности информационной инфраструктуры,IMPORTED,,false,18,0,,true,canonical,2026-06-23T12:50:46.937Z
275,240/93/2738,240/93/2738,APPENDIX,240 93 2738 приложение ДИТСБ-П.docx,,IMPORTED,,false,1,0,240/93/2738,true,canonical,2026-06-23T12:51:00.564Z
114,240/93/2740,240/93/2740,LETTER,240 93 2740.docx,О мерах по повышению защищенности информационной инфраструктуры,IMPORTED,,false,13,12,,true,canonical,2026-06-23T12:50:47.033Z
115,240/93/2766,240/93/2766,LETTER,240 93 2766.docx,О мерах по повышению защищенности информационной инфраструктуры,IMPORTED,,false,10,8,,true,canonical,2026-06-23T12:50:47.117Z
117,240/93/2855,240/93/2855,LETTER,240 93 2855.docx,О мерах по повышению защищенности информационной инфраструктуры,IMPORTED,,false,20,1,,true,canonical,2026-06-23T12:50:47.257Z
118,240/93/2856,240/93/2856,LETTER,240 93 2856.docx,О мерах по повышению защищенности информационной инфраструктуры,IMPORTED,,false,1,1,,true,canonical,2026-06-23T12:50:47.366Z
120,240/93/2884,240/93/2884,LETTER,240 93 2884.docx,О мерах по повышению защищенности информационной инфраструктуры,IMPORTED,,false,20,0,,true,canonical,2026-06-23T12:50:47.539Z
276,240/93/2884,240/93/2884,APPENDIX,Приложение — ДЦОД-З.docx,,IMPORTED,,false,1,0,240/93/2884,true,canonical,2026-06-23T12:51:00.608Z
121,240/93/2953,240/93/2953,LETTER,240 93 2953.docx,О мерах по повышению защищенности информационной инфраструктуры,IMPORTED,,false,26,3,,true,canonical,2026-06-23T12:50:47.636Z
277,240/93/2953,240/93/2953,APPENDIX,Приложение 240 93 2953 ДКИТИ.docx,,IMPORTED,,false,1,0,240/93/2953,true,canonical,2026-06-23T12:51:00.654Z
122,240/93/2954,240/93/2954,LETTER,240 93 2954.docx,О мерах по повышению защищенности информационной инфраструктуры,IMPORTED,,false,6,6,,true,canonical,2026-06-23T12:50:47.756Z
123,240/93/2993,240/93/2993,LETTER,240 93 2993.docx,О мерах по повышению защищенности информационной инфраструктуры,IMPORTED,,false,15,13,,true,canonical,2026-06-23T12:50:47.813Z
124,240/93/3014,240/93/3014,LETTER,240 93 3014.docx,О мерах по повышению защищенности информационной инфраструктуры,IMPORTED,,false,2,2,,true,canonical,2026-06-23T12:50:47.906Z
125,240/93/3072,240/93/3072,LETTER,240 93 3072.docx,О мерах по повышению защищенности информационной инфраструктуры,IMPORTED,,false,18,0,,true,canonical,2026-06-23T12:50:47.952Z
278,240/93/3072,240/93/3072,APPENDIX,Приложение 240 93 3072 ДКИТИ.docx,,IMPORTED,,false,1,0,240/93/3072,true,canonical,2026-06-23T12:51:00.701Z
126,240/93/3111,240/93/3111,LETTER,240 93 3111.docx,О мерах по повышению защищенности информационной инфраструктуры,PARSED,,true,0,0,,true,routing_letter,2026-06-23T12:50:48.048Z
279,240/93/3111,240/93/3111,APPENDIX,Приложение 240 93 3111.docx,,IMPORTED,,false,16,0,240/93/3111,true,canonical,2026-06-23T12:51:00.749Z
127,240/93/3143,240/93/3143,LETTER,240 93 3143.docx,О мерах по повышению защищенности информационной инфраструктуры,IMPORTED,,false,19,0,,true,canonical,2026-06-23T12:50:48.084Z
280,240/93/3143,240/93/3143,APPENDIX,Приложение 240 93 3143 — ДИТСБ-П.docx,,IMPORTED,,false,1,0,240/93/3143,true,canonical,2026-06-23T12:51:00.849Z
128,240/93/3144,240/93/3144,LETTER,240 93 3144.docx,О мерах по повышению защищенности информационной инфраструктуры,IMPORTED,,false,8,7,,true,canonical,2026-06-23T12:50:48.186Z
129,240/93/3195,240/93/3195,LETTER,240 93 3195.docx,О мерах по повышению защищенности информационной инфраструктуры,IMPORTED,,false,11,0,,true,canonical,2026-06-23T12:50:48.252Z
281,240/93/3195,240/93/3195,APPENDIX,Приложение 240 93 3195.docx,,IMPORTED,,false,1,0,240/93/3195,true,canonical,2026-06-23T12:51:00.900Z
130,240/93/3196,240/93/3196,LETTER,240 93 3196.docx,О мерах по повышению защищенности информационной инфраструктуры,IMPORTED,,false,7,6,,true,canonical,2026-06-23T12:50:48.322Z
131,240/93/3229,240/93/3229,LETTER,240 93 3229.docx,О мерах по повышению защищенности информационной инфраструктуры,PARSED,,true,0,0,,true,routing_letter,2026-06-23T12:50:48.382Z
282,240/93/3229,240/93/3229,APPENDIX,Приложение 240 93 3229.docx,,IMPORTED,,false,41,0,240/93/3229,true,canonical,2026-06-23T12:51:00.949Z
132,240/93/3278,240/93/3278,LETTER,240 93 3278.docx,О мерах по повышению защищенности информационной инфраструктуры,IMPORTED,,false,22,0,,true,canonical,2026-06-23T12:50:48.416Z
283,240/93/3278,240/93/3278,APPENDIX,Приложение 240 93 3278 Обласов В.В..docx,,IMPORTED,,false,1,0,240/93/3278,true,canonical,2026-06-23T12:51:01.117Z
133,240/93/3289,240/93/3289,LETTER,240 93 3289.docx,О мерах по повышению защищенности информационной инфраструктуры,IMPORTED,,false,1,1,,true,canonical,2026-06-23T12:50:48.527Z
134,240/93/3299,240/93/3299,LETTER,240 93 3299.docx,,IMPORTED,,false,76,39,,true,canonical,2026-06-23T12:50:48.578Z
135,240/93/3300,240/93/3300,LETTER,240 93 3300.docx,О мерах по повышению защищенности информационной инфраструктуры,IMPORTED,,false,20,0,,true,canonical,2026-06-23T12:50:48.870Z
284,240/93/3300,240/93/3300,APPENDIX,Приложение 240 93 3300 — ДИТСБ-П.docx,,IMPORTED,,false,1,0,240/93/3300,true,canonical,2026-06-23T12:51:01.165Z
136,240/93/3338,240/93/3338,LETTER,240 93 3338.docx,О мерах по повышению защищенности информационной инфраструктуры,IMPORTED,,false,13,0,,true,canonical,2026-06-23T12:50:48.981Z
137,240/93/3357,240/93/3357,LETTER,240 93 3357.docx,О мерах по повышению защищенности информационной инфраструктуры,IMPORTED,,false,18,18,,true,canonical,2026-06-23T12:50:49.056Z
138,240/93/3409,240/93/3409,LETTER,240 93 3409.docx,О мерах по повышению защищенности информационной инфраструктуры,IMPORTED,,false,16,0,,true,canonical,2026-06-23T12:50:49.149Z
285,240/93/3409,240/93/3409,APPENDIX,Приложение к рассылке 240 93 3409 ДКИТИ.docx,,IMPORTED,,false,1,0,240/93/3409,true,canonical,2026-06-23T12:51:01.207Z
139,240/93/3410,240/93/3410,LETTER,240 93 3410.docx,О мерах по повышению защищенности информационной инфраструктуры,IMPORTED,,false,18,17,,true,canonical,2026-06-23T12:50:49.240Z
140,240/93/3478,240/93/3478,LETTER,240 93 3478.docx,О мерах по повышению защищенности информационной инфраструктуры,IMPORTED,,false,19,0,,true,canonical,2026-06-23T12:50:49.335Z
286,240/93/3478,240/93/3478,APPENDIX,Приложение 240 93 3478 ДКИТИ.docx,,IMPORTED,,false,1,0,240/93/3478,true,canonical,2026-06-23T12:51:01.254Z
141,240/93/3481,240/93/3481,LETTER,240 93 3481.docx,О мерах по повышению защищенности информационной инфраструктуры,IMPORTED,,false,7,7,,true,canonical,2026-06-23T12:50:49.430Z
142,240/93/35,240/93/35,LETTER,240 93 35.docx,О мерах по повышению защищенности информационной инфраструктуры,IMPORTED,,false,9,0,,true,canonical,2026-06-23T12:50:49.493Z
143,240/93/3565,240/93/3565,LETTER,240 93 3565.docx,О мерах по повышению защищенности информационной инфраструктуры,IMPORTED,,false,55,55,,true,canonical,2026-06-23T12:50:49.557Z
144,240/93/3578,240/93/3578,LETTER,240 93 3578.docx,О мерах по повышению защищенности информационной инфраструктуры,IMPORTED,,false,23,0,,true,canonical,2026-06-23T12:50:49.765Z
145,240/93/36,240/93/36,LETTER,240 93 36.docx,О мерах по повышению защищенности информационной инфраструктуры,IMPORTED,,false,2,2,,true,canonical,2026-06-23T12:50:49.880Z
146,240/93/3604,240/93/3604,LETTER,240 93 3604.docx,О мерах по повышению защищенности информационной инфраструктуры,IMPORTED,,false,9,0,,true,canonical,2026-06-23T12:50:49.925Z
147,240/93/3614,240/93/3614,LETTER,240 93 3614.docx,,IMPORTED,,false,1,1,,true,canonical,2026-06-23T12:50:49.995Z
148,240/93/3697,240/93/3697,LETTER,240 93 3697.docx,О мерах по повышению защищенности информационной инфраструктуры,IMPORTED,,false,14,0,,true,canonical,2026-06-23T12:50:50.035Z
287,240/93/3697,240/93/3697,APPENDIX,Приложение к 240 93 3697 — ДИТСБ-П.docx,,IMPORTED,,false,1,0,240/93/3697,true,canonical,2026-06-23T12:51:01.299Z
149,240/93/3774,240/93/3774,LETTER,240 93 3774.docx,О мерах по повышению защищенности информационной инфраструктуры,IMPORTED,,false,11,11,,true,canonical,2026-06-23T12:50:50.125Z
150,240/93/3866,240/93/3866,LETTER,240 93 3866.docx,О мерах по повышению защищенности информационной инфраструктуры,IMPORTED,,false,17,0,,true,canonical,2026-06-23T12:50:50.211Z
288,240/93/3866,240/93/3866,APPENDIX,Приложение к 240 93 3866 — ДИТСБ-П.docx,,IMPORTED,,false,1,0,240/93/3866,true,canonical,2026-06-23T12:51:01.342Z
151,240/93/3920,240/93/3920,LETTER,240 93 3920.docx,О мерах по повышению защищенности информационной инфраструктуры,IMPORTED,,false,10,0,,true,canonical,2026-06-23T12:50:50.305Z
289,240/93/3920,240/93/3920,APPENDIX,Приложение 240 93 3920.docx,,FAILED,NO_ITEMS_FOUND,false,0,0,240/93/3920,true,real_failure,2026-06-23T12:51:01.384Z
152,240/93/3921,240/93/3921,LETTER,240 93 3921.docx,О мерах по повышению защищенности информационной инфраструктуры,IMPORTED,,false,8,8,,true,canonical,2026-06-23T12:50:50.382Z
153,240/93/398,240/93/398,LETTER,240 93 398.docx,О мерах по повышению защищенности информационной инфраструктуры,IMPORTED,,false,3,3,,true,canonical,2026-06-23T12:50:50.457Z
154,240/93/401,240/93/401,LETTER,240 93 401.docx,О мерах по повышению защищенности информационной инфраструктуры,IMPORTED,,false,14,0,,true,canonical,2026-06-23T12:50:50.508Z
290,240/93/401,240/93/401,APPENDIX,Приложение (от 240 93 401).docx,,IMPORTED,,false,1,0,240/93/401,true,canonical,2026-06-23T12:51:01.421Z
155,240/93/4036,240/93/4036,LETTER,240 93 4036.docx,О мерах по повышению защищенности информационной инфраструктуры,IMPORTED,,false,20,0,,true,canonical,2026-06-23T12:50:50.596Z
291,240/93/4036,240/93/4036,APPENDIX,Приложение 240 93 4036 — ДИТСБ-П.docx,,IMPORTED,,false,1,0,240/93/4036,true,canonical,2026-06-23T12:51:01.469Z
156,240/93/4104,240/93/4104,LETTER,240 93 4104.docx,О мерах по повышению защищенности информационной инфраструктуры,IMPORTED,,false,5,5,,true,canonical,2026-06-23T12:50:50.707Z
157,240/93/4164,240/93/4164,LETTER,240 93 4164.docx,О мерах по повышению защищенности информационной инфраструктуры,IMPORTED,,false,16,0,,true,canonical,2026-06-23T12:50:50.761Z
292,240/93/4164,240/93/4164,APPENDIX,Приложение 240 93 4164 — ДИТСБ-П.docx,,IMPORTED,,false,1,0,240/93/4164,true,canonical,2026-06-23T12:51:01.514Z
158,240/93/4165,240/93/4165,LETTER,240 93 4165.docx,О мерах по повышению защищенности информационной инфраструктуры,IMPORTED,,false,5,5,,true,canonical,2026-06-23T12:50:50.864Z
159,240/93/4255,240/93/4255,LETTER,240 93 4255.docx,О мерах по повышению защищенности информационной инфраструктуры,IMPORTED,,false,6,6,,true,canonical,2026-06-23T12:50:50.921Z
160,240/93/4257,240/93/4257,LETTER,240 93 4257.docx,О мерах по повышению защищенности информационной инфраструктуры,IMPORTED,,false,17,2,,true,canonical,2026-06-23T12:50:50.978Z
161,240/93/4314,240/93/4314,LETTER,240 93 4314.docx,О мерах по повышению защищенности информационной инфраструктуры,IMPORTED,,false,12,2,,true,canonical,2026-06-23T12:50:51.082Z
293,240/93/4314,240/93/4314,APPENDIX,Приложение к 240 93 4314 ДКИТИ.docx,,FAILED,NO_ITEMS_FOUND,false,0,0,240/93/4314,true,real_failure,2026-06-23T12:51:01.557Z
162,240/93/4484,240/93/4484,LETTER,240 93 4484.docx,О мерах по повышению защищенности информационной инфраструктуры,IMPORTED,,false,2,2,,true,canonical,2026-06-23T12:50:51.166Z
163,240/93/4529,240/93/4529,LETTER,240 93 4529.docx,О мерах по повышению защищенности информационной инфраструктуры,IMPORTED,,false,14,0,,true,canonical,2026-06-23T12:50:51.209Z
164,240/93/4539,240/93/4539,LETTER,240 93 4539.docx,О мерах по повышению защищенности информационной инфраструктуры,IMPORTED,,false,1,0,,true,canonical,2026-06-23T12:50:51.296Z
294,240/93/4539,240/93/4539,APPENDIX,Приложение к 240 93 4539.docx,,IMPORTED,,false,3,0,240/93/4539,true,canonical,2026-06-23T12:51:01.590Z
165,240/93/4607,240/93/4607,LETTER,240 93 4607.docx,О мерах по повышению защищенности информационной инфраструктуры,IMPORTED,,false,6,6,,true,canonical,2026-06-23T12:50:51.338Z
167,240/93/4643,240/93/4643,LETTER,240 93 4643.docx,О мерах по повышению защищенности информационной инфраструктуры,IMPORTED,,false,22,1,,true,canonical,2026-06-23T12:50:51.489Z
295,240/93/4643,240/93/4643,APPENDIX,Приложение к 4643 Обласов.docx,,IMPORTED,,false,29,29,240/93/4643,true,canonical,2026-06-23T12:51:01.647Z
168,240/93/4736,240/93/4736,LETTER,240 93 4736.docx,О мерах по повышению защищенности информационной инфраструктуры,IMPORTED,,false,14,0,,true,canonical,2026-06-23T12:50:51.605Z
169,240/93/4766,240/93/4766,LETTER,240 93 4766.docx,О мерах по повышению защищенности информационной инфраструктуры,IMPORTED,,false,1,1,,true,canonical,2026-06-23T12:50:51.691Z
170,240/93/4898,240/93/4898,LETTER,240 93 4898.docx,О мерах по повышению защищенности информационной инфраструктуры,IMPORTED,,false,15,0,,true,canonical,2026-06-23T12:50:51.730Z
296,240/93/4898,240/93/4898,APPENDIX,Приложение к 4898 ДКИТИ.docx,,IMPORTED,,false,2,2,240/93/4898,true,canonical,2026-06-23T12:51:01.780Z
171,240/93/494,240/93/494,LETTER,240 93 494.docx,О мерах по повышению защищенности информационной инфраструктуры,IMPORTED,,false,9,0,,true,canonical,2026-06-23T12:50:51.823Z
172,240/93/495,240/93/495,LETTER,240 93 495.docx,О мерах по повышению защищенности информационной инфраструктуры,IMPORTED,,false,17,0,,true,canonical,2026-06-23T12:50:51.891Z
297,240/93/495,240/93/6619,APPENDIX,Приложение ДЦОД.docx,,IMPORTED,,false,1,0,240/93/495,true,canonical,2026-06-23T12:51:01.837Z
173,240/93/4982,240/93/4982,LETTER,240 93 4982.docx,О мерах по повышению защищенности информационной инфраструктуры,IMPORTED,,false,7,0,,true,canonical,2026-06-23T12:50:51.988Z
174,240/93/5066,240/93/5066,LETTER,240 93 5066.docx,О мерах по повышению защищенности информационной инфраструктуры,IMPORTED,,false,14,0,,true,canonical,2026-06-23T12:50:52.047Z
175,240/93/514,240/93/514,LETTER,240 93 514.docx,О мерах по повышению защищенности информационной инфраструктуры,IMPORTED,,false,1,1,,true,canonical,2026-06-23T12:50:52.136Z
176,240/93/515,240/93/515,LETTER,240 93 515.docx,О мерах по повышению защищенности информационной инфраструктуры,IMPORTED,,false,13,0,,true,canonical,2026-06-23T12:50:52.176Z
298,240/93/515,240/93/515,APPENDIX,Приложение (от 240 93 515) ДКИТИ.docx,,IMPORTED,,false,1,0,240/93/515,true,canonical,2026-06-23T12:51:01.882Z
177,240/93/5175,240/93/5175,LETTER,240 93 5175.docx,О мерах по повышению защищенности информационной инфраструктуры,IMPORTED,,false,15,0,,true,canonical,2026-06-23T12:50:52.261Z
299,240/93/5175,240/93/5175,APPENDIX,Приложение 240 93 5175.docx,,IMPORTED,,false,4,0,240/93/5175,true,canonical,2026-06-23T12:51:01.928Z
178,240/93/5259,240/93/5259,LETTER,240 93 5259.docx,О мерах по повышению защищенности информационной инфраструктуры,IMPORTED,,false,4,4,,true,canonical,2026-06-23T12:50:52.348Z
179,240/93/5267,240/93/5267,LETTER,240 93 5267.docx,О мерах по повышению защищенности информационной инфраструктуры,IMPORTED,,false,12,0,,true,canonical,2026-06-23T12:50:52.404Z
180,240/93/5268,240/93/5268,LETTER,240 93 5268.docx,О мерах по повышению защищенности информационной инфраструктуры,IMPORTED,,false,3,0,,true,canonical,2026-06-23T12:50:52.489Z
181,240/93/5337,240/93/5337,LETTER,240 93 5337.docx,О мерах по повышению защищенности информационной инфраструктуры,IMPORTED,,false,13,0,,true,canonical,2026-06-23T12:50:52.536Z
182,240/93/5373,240/93/5373,LETTER,240 93 5373.docx,О мерах по повышению защищенности информационной инфраструктуры,IMPORTED,,false,4,4,,true,canonical,2026-06-23T12:50:52.614Z
183,240/93/5421,240/93/5421,LETTER,240 93 5421.docx,О мерах по повышению защищенности информационной инфраструктуры,IMPORTED,,false,22,0,,true,canonical,2026-06-23T12:50:52.663Z
184,240/93/5478,240/93/5478,LETTER,240 93 5478.docx,О мерах по повышению защищенности информационной инфраструктуры,IMPORTED,,false,3,3,,true,canonical,2026-06-23T12:50:52.785Z
185,240/93/555,240/93/555,LETTER,240 93 555.docx,О мерах по повышению защищенности информационной инфраструктуры,IMPORTED,,false,3,0,,true,canonical,2026-06-23T12:50:52.838Z
186,240/93/5630,240/93/5630,LETTER,240 93 5630.docx,О мерах по повышению защищенности информационной инфраструктуры,IMPORTED,,false,2,2,,true,canonical,2026-06-23T12:50:52.892Z
187,240/93/5632,240/93/5632,LETTER,240 93 5632.docx,О мерах по повышению защищенности информационной инфраструктуры,IMPORTED,,false,16,0,,true,canonical,2026-06-23T12:50:52.942Z
300,240/93/5632,240/93/5632,APPENDIX,Приложение (от 240 93 5632).docx,,IMPORTED,,false,1,0,240/93/5632,true,canonical,2026-06-23T12:51:01.991Z
188,240/93/5680,240/93/5680,LETTER,240 93 5680.docx,О мерах по повышению защищенности информационной инфраструктуры,IMPORTED,,false,4,4,,true,canonical,2026-06-23T12:50:53.047Z
189,240/93/5682,240/93/5682,LETTER,240 93 5682.docx,О мерах по повышению защищенности информационной инфраструктуры,IMPORTED,,false,6,0,,true,canonical,2026-06-23T12:50:53.102Z
190,240/93/5707,240/93/5707,LETTER,240 93 5707.docx,О мерах по повышению защищенности информационной инфраструктуры,IMPORTED,,false,4,4,,true,canonical,2026-06-23T12:50:53.175Z
191,240/93/5739,240/93/5739,LETTER,240 93 5739.docx,О мерах по повышению защищенности информационной инфраструктуры,IMPORTED,,false,3,0,,true,canonical,2026-06-23T12:50:53.234Z
192,240/93/5759,240/93/5759,LETTER,240 93 5759.docx,О мерах по повышению защищенности информационной инфраструктуры,IMPORTED,,false,14,1,,true,canonical,2026-06-23T12:50:53.288Z
301,240/93/5759,240/93/5759,APPENDIX,Приложение(240 93 5759) ДКИТИ.docx,,IMPORTED,,false,1,0,240/93/5759,true,canonical,2026-06-23T12:51:02.054Z
193,240/93/580,240/93/580,LETTER,240 93 580.docx,О мерах по повышению защищенности информационной инфраструктуры,IMPORTED,,false,11,1,,true,canonical,2026-06-23T12:50:53.388Z
194,240/93/5836,240/93/5836,LETTER,240 93 5836.docx,О мерах по повышению защищенности информационной инфраструктуры,IMPORTED,,false,10,0,,true,canonical,2026-06-23T12:50:53.484Z
195,240/93/5929,240/93/5929,LETTER,240 93 5929.docx,О мерах по повышению защищенности информационной инфраструктуры,IMPORTED,,false,2,2,,true,canonical,2026-06-23T12:50:53.562Z
196,240/93/5932,240/93/5932,LETTER,240 93 5932.docx,О мерах по повышению защищенности информационной инфраструктуры,IMPORTED,,false,12,0,,true,canonical,2026-06-23T12:50:53.622Z
197,240/93/6023,240/93/6023,LETTER,240 93 6023.docx,О мерах по повышению защищенности информационной инфраструктуры,IMPORTED,,false,13,0,,true,canonical,2026-06-23T12:50:53.723Z
198,240/93/6046,240/93/6046,LETTER,240 93 6046.docx,О мерах по повышению защищенности информационной инфраструктуры,IMPORTED,,false,21,0,,true,canonical,2026-06-23T12:50:53.817Z
302,240/93/6046,240/93/6046,APPENDIX,Приложение 240 93 6046 — ДКИТИ.docx,,IMPORTED,,false,1,0,240/93/6046,true,canonical,2026-06-23T12:51:02.099Z
199,240/93/6089,240/93/6089,LETTER,240 93 6089.docx,О мерах по повышению защищенности информационной инфраструктуры,IMPORTED,,false,11,1,,true,canonical,2026-06-23T12:50:53.937Z
200,240/93/6097,240/93/6097,LETTER,240 93 6097.docx,О мерах по повышению защищенности информационной инфраструктуры,IMPORTED,,false,11,11,,true,canonical,2026-06-23T12:50:54.023Z
201,240/93/6198,240/93/6198,LETTER,240 93 6198.docx,О мерах по повышению защищенности информационной инфраструктуры,IMPORTED,,false,21,0,,true,canonical,2026-06-23T12:50:54.101Z
304,240/93/6198,240/93/6198,APPENDIX,Приложение 240 93 6198 — ДКИТИ.docx,,IMPORTED,,false,1,0,240/93/6198,true,canonical,2026-06-23T12:51:02.189Z
202,240/93/6203,240/93/6203,LETTER,240 93 6203.docx,О мерах по повышению защищенности информационной инфраструктуры,IMPORTED,,false,2,2,,true,canonical,2026-06-23T12:50:54.220Z
203,240/93/6205,240/93/6205,LETTER,240 93 6205.docx,О мерах по повышению защищенности информационной инфраструктуры,IMPORTED,,false,14,0,,true,canonical,2026-06-23T12:50:54.272Z
303,240/93/6205,240/93/6205,APPENDIX,Приложение (к 240 93 6205) ДКИТИ.docx,,IMPORTED,,false,1,0,240/93/6089,true,canonical,2026-06-23T12:51:02.142Z
305,240/93/6205,240/93/6205,APPENDIX,Приложение (к 240 93 6205) ДКИТИ.docx,,IMPORTED,,false,1,0,240/93/6205,true,duplicate,2026-06-23T12:51:02.232Z
204,240/93/6303,240/93/6303,LETTER,240 93 6303.docx,О мерах по повышению защищенности информационной инфраструктуры,IMPORTED,,false,2,2,,true,canonical,2026-06-23T12:50:54.364Z
205,240/93/6304,240/93/6304,LETTER,240 93 6304.docx,О мерах по повышению защищенности информационной инфраструктуры,IMPORTED,,false,14,0,,true,canonical,2026-06-23T12:50:54.409Z
206,240/93/6312,240/93/6312,LETTER,240 93 6312.docx,О мерах по повышению защищенности информационной инфраструктуры,IMPORTED,,false,5,5,,true,canonical,2026-06-23T12:50:54.499Z
207,240/93/642,240/93/642,LETTER,240 93 642.docx,О мерах по повышению защищенности информационной инфраструктуры,IMPORTED,,false,35,1,,true,canonical,2026-06-23T12:50:54.554Z
208,240/93/643,240/93/643,LETTER,240 93 643.docx,О мерах по повышению защищенности информационной инфраструктуры,IMPORTED,,false,3,3,,true,canonical,2026-06-23T12:50:54.698Z
209,240/93/644,240/93/644,LETTER,240 93 644.docx,О мерах по повышению защищенности информационной инфраструктуры,IMPORTED,,false,27,2,,true,canonical,2026-06-23T12:50:54.751Z
306,240/93/644,240/93/644,APPENDIX,Приложение 240 93 644 — ДЦОД.docx,,IMPORTED,,false,1,0,240/93/644,true,canonical,2026-06-23T12:51:02.274Z
210,240/93/6465,240/93/6465,LETTER,240 93 6465.docx,О мерах по повышению защищенности информационной инфраструктуры,IMPORTED,,false,17,0,,true,canonical,2026-06-23T12:50:54.883Z
307,240/93/6465,240/93/6465,APPENDIX,Приложение (от 240 93 6465) ДКИТИ.docx,,IMPORTED,,false,1,0,240/93/6465,true,canonical,2026-06-23T12:51:02.318Z
211,240/93/6467,240/93/6467,LETTER,240 93 6467.docx,О мерах по повышению защищенности информационной инфраструктуры,IMPORTED,,false,9,8,,true,canonical,2026-06-23T12:50:54.972Z
212,240/93/658,240/93/658,LETTER,240 93 658.docx,О мерах по повышению защищенности информационной инфраструктуры,IMPORTED,,false,19,0,,true,canonical,2026-06-23T12:50:55.041Z
308,240/93/658,240/93/658,APPENDIX,Приложение (240 93 658).docx,,IMPORTED,,false,1,0,240/93/658,true,canonical,2026-06-23T12:51:02.365Z
213,240/93/6584,240/93/6584,LETTER,240 93 6584.docx,О мерах по повышению защищенности информационной инфраструктуры,IMPORTED,,false,5,5,,true,canonical,2026-06-23T12:50:55.143Z
214,240/93/659,240/93/659,LETTER,240 93 659.docx,О мерах по повышению защищенности информационной инфраструктуры,IMPORTED,,false,5,5,,true,canonical,2026-06-23T12:50:55.198Z
215,240/93/6619,240/93/6619,LETTER,240 93 6619.docx,О мерах по повышению защищенности информационной инфраструктуры,IMPORTED,,false,22,0,,true,canonical,2026-06-23T12:50:55.252Z
309,240/93/6619,240/93/6619,APPENDIX,Приложение ДЦОД.docx,,IMPORTED,,false,1,0,240/93/6619,true,duplicate,2026-06-23T12:51:02.410Z
216,240/93/6630,240/93/6630,LETTER,240 93 6630.docx,О мерах по повышению защищенности информационной инфраструктуры,IMPORTED,,false,20,3,,true,canonical,2026-06-23T12:50:55.355Z
310,240/93/6630,240/93/6630,APPENDIX,Приложение от 240 93 6630.docx,,IMPORTED,,false,1,0,240/93/6630,true,canonical,2026-06-23T12:51:02.456Z
217,240/93/6666,240/93/6666,LETTER,240 93 6666.docx,О мерах по повышению защищенности информационной инфраструктуры,IMPORTED,,false,7,0,,true,canonical,2026-06-23T12:50:55.463Z
218,240/93/6837,240/93/6837,LETTER,240 93 6837.docx,О мерах по повышению защищенности информационной инфраструктуры,IMPORTED,,false,19,0,,true,canonical,2026-06-23T12:50:55.529Z
311,240/93/6837,240/93/98,APPENDIX,Приложение — ДЦОД.docx,,IMPORTED,,false,1,0,240/93/6837,true,duplicate,2026-06-23T12:51:02.503Z
219,240/93/6842,240/93/6842,LETTER,240 93 6842.docx,О мерах по повышению защищенности информационной инфраструктуры,IMPORTED,,false,11,11,,true,canonical,2026-06-23T12:50:55.628Z
220,240/93/6901,240/93/6901,LETTER,240 93 6901.docx,О мерах по повышению защищенности информационной инфраструктуры,IMPORTED,,false,22,0,,true,canonical,2026-06-23T12:50:55.703Z
312,240/93/6901,240/93/6901,APPENDIX,приложение ДЦОД.docx,,IMPORTED,,false,1,0,240/93/6901,true,canonical,2026-06-23T12:51:02.547Z
221,240/93/6940,240/93/6940,LETTER,240 93 6940.docx,О мерах по повышению защищенности информационной инфраструктуры,IMPORTED,,false,9,9,,true,canonical,2026-06-23T12:50:55.810Z
222,240/93/7172,240/93/7172,LETTER,240 93 7172.docx,О мерах по повышению защищенности информационной инфраструктуры,IMPORTED,,false,4,4,,true,canonical,2026-06-23T12:50:55.878Z
223,240/93/7173,240/93/7173,LETTER,240 93 7173.docx,О мерах по повышению защищенности информационной инфраструктуры,IMPORTED,,false,16,2,,true,canonical,2026-06-23T12:50:55.933Z
313,240/93/7173,240/93/98,APPENDIX,Приложение — ДЦОД.docx,,IMPORTED,,false,1,0,240/93/7173,true,duplicate,2026-06-23T12:51:02.593Z
224,240/93/7246,240/93/7246,LETTER,240 93 7246.docx,О мерах по повышению защищенности информационной инфраструктуры,IMPORTED,,false,8,0,,true,canonical,2026-06-23T12:50:57.152Z
225,240/93/7415,240/93/7415,LETTER,240 93 7415.docx,О мерах по повышению защищенности информационной инфраструктуры,IMPORTED,,false,26,0,,true,canonical,2026-06-23T12:50:57.247Z
314,240/93/7415,240/93/7415,APPENDIX,Приложение 240 93 7415 — ДЦОД.docx,,IMPORTED,,false,1,0,240/93/7415,true,canonical,2026-06-23T12:51:02.642Z
226,240/93/7466,240/93/7466,LETTER,240 93 7466.docx,О мерах по повышению защищенности информационной инфраструктуры,IMPORTED,,false,2,2,,true,canonical,2026-06-23T12:50:57.368Z
227,240/93/7585,240/93/7585,LETTER,240 93 7585.docx,О мерах по повышению защищенности информационной инфраструктуры,IMPORTED,,false,2,2,,true,canonical,2026-06-23T12:50:57.412Z
228,240/93/7642,240/93/7642,LETTER,240 93 7642.docx,О мерах по повышению защищенности информационной инфраструктуры,IMPORTED,,false,22,0,,true,canonical,2026-06-23T12:50:57.459Z
315,240/93/7642,240/93/7642,APPENDIX,Приложение 7642.docx,,IMPORTED,,false,1,0,240/93/7642,true,canonical,2026-06-23T12:51:02.687Z
229,240/93/7784,240/93/7784,LETTER,240 93 7784.docx,О мерах по повышению защищенности информационной инфраструктуры,PARSED,,true,0,0,,true,routing_letter,2026-06-23T12:50:57.571Z
316,240/93/7784,240/93/7784,APPENDIX,Приложение 240 93 7784 ДИТСБ.docx,,IMPORTED,,false,132,12,240/93/7784,true,canonical,2026-06-23T12:51:02.733Z
230,240/93/7790,240/93/7790,LETTER,240 93 7790.docx,О мерах по повышению защищенности информационной инфраструктуры,IMPORTED,,false,5,5,,true,canonical,2026-06-23T12:50:57.611Z
231,240/93/7793,240/93/7793,LETTER,240 93 7793.docx,О мерах по повышению защищенности информационной инфраструктуры,IMPORTED,,false,11,0,,true,canonical,2026-06-23T12:50:57.682Z
232,240/93/781,240/93/781,LETTER,240 93 781.docx,О мерах по повышению защищенности информационной инфраструктуры,IMPORTED,,false,6,5,,true,canonical,2026-06-23T12:50:57.764Z
233,240/93/782,240/93/782,LETTER,240 93 782.docx,О мерах по повышению защищенности информационной инфраструктуры,IMPORTED,,false,17,1,,true,canonical,2026-06-23T12:50:57.826Z
317,240/93/782,240/93/782,APPENDIX,Приложение (240 93 782).docx,,IMPORTED,,false,1,0,240/93/782,true,canonical,2026-06-23T12:51:03.159Z
234,240/93/805,240/93/805,LETTER,240 93 805.docx,О мерах по повышению защищенности информационной инфраструктуры,IMPORTED,,false,22,2,,true,canonical,2026-06-23T12:50:57.936Z
318,240/93/805,240/93/805,APPENDIX,Приложение 240 93 805 ДЦОД.docx,,IMPORTED,,false,1,0,240/93/805,true,canonical,2026-06-23T12:51:03.199Z
236,240/93/904,240/93/904,LETTER,240 93 904.docx,О мерах по повышению защищенности информационной инфраструктуры,IMPORTED,,false,10,10,,true,canonical,2026-06-23T12:50:58.116Z
237,240/93/908,240/93/908,LETTER,240 93 908.docx,О мерах по повышению защищенности информационной инфраструктуры,IMPORTED,,false,22,2,,true,canonical,2026-06-23T12:50:58.192Z
238,240/93/909,240/93/909,LETTER,240 93 909.docx,,PARSED,,true,0,0,,true,routing_letter,2026-06-23T12:50:58.298Z
319,240/93/909,240/93/909,APPENDIX,Приложение.docx,,IMPORTED,,false,21,21,240/93/909,true,canonical,2026-06-23T12:51:03.243Z
239,240/93/954,240/93/954,LETTER,240 93 954.docx,О мерах по повышению защищенности информационной инфраструктуры,IMPORTED,,false,50,16,,true,canonical,2026-06-23T12:50:58.329Z
240,240/93/965,240/93/965,LETTER,240 93 965.docx,О мерах по повышению защищенности информационной инфраструктуры,IMPORTED,,false,4,0,,true,canonical,2026-06-23T12:50:58.518Z
241,240/93/98,240/93/98,LETTER,240 93 98.docx,О мерах по повышению защищенности информационной инфраструктуры,IMPORTED,,false,17,3,,true,canonical,2026-06-23T12:50:58.572Z
320,240/93/98,240/93/98,APPENDIX,Приложение — ДЦОД.docx,,IMPORTED,,false,1,1,240/93/98,true,duplicate,2026-06-23T12:51:03.410Z
242,240/93/998,240/93/998,LETTER,240 93 998.docx,О мерах по повышению защищенности информационной инфраструктуры,IMPORTED,,false,3,3,,true,canonical,2026-06-23T12:50:58.666Z